{
    "Images": [
        {
            "PlatformDetails": "Windows",
            "UsageOperation": "RunInstances:0002",
            "BlockDeviceMappings": [
                {
                    "Ebs": {
                        "DeleteOnTermination": true,
                        "SnapshotId": "snap-0ae8fbd0085d0e63a",
                        "VolumeSize": 30,
                        "VolumeType": "gp2",
                        "Encrypted": false
                    },
                    "DeviceName": "/dev/sda1"
                },
                {
                    "DeviceName": "xvdca",
                    "VirtualName": "ephemeral0"
                },
                {
                    "DeviceName": "xvdcb",
                    "VirtualName": "ephemeral1"
                },
                {
                    "DeviceName": "xvdcc",
                    "VirtualName": "ephemeral2"
                },
                {
                    "DeviceName": "xvdcd",
                    "VirtualName": "ephemeral3"
                },
                {
                    "DeviceName": "xvdce",
                    "VirtualName": "ephemeral4"
                },
                {
                    "DeviceName": "xvdcf",
                    "VirtualName": "ephemeral5"
                },
                {
                    "DeviceName": "xvdcg",
                    "VirtualName": "ephemeral6"
                },
                {
                    "DeviceName": "xvdch",
                    "VirtualName": "ephemeral7"
                },
                {
                    "DeviceName": "xvdci",
                    "VirtualName": "ephemeral8"
                },
                {
                    "DeviceName": "xvdcj",
                    "VirtualName": "ephemeral9"
                },
                {
                    "DeviceName": "xvdck",
                    "VirtualName": "ephemeral10"
                },
                {
                    "DeviceName": "xvdcl",
                    "VirtualName": "ephemeral11"
                },
                {
                    "DeviceName": "xvdcm",
                    "VirtualName": "ephemeral12"
                },
                {
                    "DeviceName": "xvdcn",
                    "VirtualName": "ephemeral13"
                },
                {
                    "DeviceName": "xvdco",
                    "VirtualName": "ephemeral14"
                },
                {
                    "DeviceName": "xvdcp",
                    "VirtualName": "ephemeral15"
                },
                {
                    "DeviceName": "xvdcq",
                    "VirtualName": "ephemeral16"
                },
                {
                    "DeviceName": "xvdcr",
                    "VirtualName": "ephemeral17"
                },
                {
                    "DeviceName": "xvdcs",
                    "VirtualName": "ephemeral18"
                },
                {
                    "DeviceName": "xvdct",
                    "VirtualName": "ephemeral19"
                },
                {
                    "DeviceName": "xvdcu",
                    "VirtualName": "ephemeral20"
                },
                {
                    "DeviceName": "xvdcv",
                    "VirtualName": "ephemeral21"
                },
                {
                    "DeviceName": "xvdcw",
                    "VirtualName": "ephemeral22"
                },
                {
                    "DeviceName": "xvdcx",
                    "VirtualName": "ephemeral23"
                },
                {
                    "DeviceName": "xvdcy",
                    "VirtualName": "ephemeral24"
                },
                {
                    "DeviceName": "xvdcz",
                    "VirtualName": "ephemeral25"
                }
            ],
            "Description": "Microsoft Windows Server 2022 Full Locale English AMI provided by Amazon",
            "EnaSupport": true,
            "Hypervisor": "xen",
            "ImageOwnerAlias": "amazon",
            "Name": "Windows_Server-2022-English-Full-Base-2025.09.10",
            "RootDeviceName": "/dev/sda1",
            "RootDeviceType": "ebs",
            "SriovNetSupport": "simple",
            "VirtualizationType": "hvm",
            "DeprecationTime": "2027-09-12T04:01:24.000Z",
            "SourceImageId": "ami-0e16d075ec2375cf5",
            "SourceImageRegion": "us-east-1",
            "FreeTierEligible": true,
            "ImageId": "ami-0684b1bd72f4b0d55",
            "ImageLocation": "amazon/Windows_Server-2022-English-Full-Base-2025.09.10",
            "State": "available",
            "OwnerId": "801119661308",
            "CreationDate": "2025-09-12T04:01:24.000Z",
            "Public": true,
            "Architecture": "x86_64",
            "ImageType": "machine",
            "Platform": "windows"
        }
    ]
}
