{
    "Reservations": [
        {
            "ReservationId": "r-00c1e094114974ac1",
            "OwnerId": "925774240130",
            "Groups": [],
            "Instances": [
                {
                    "Architecture": "x86_64",
                    "BlockDeviceMappings": [
                        {
                            "DeviceName": "/dev/sda1",
                            "Ebs": {
                                "AttachTime": "2025-10-07T19:12:25+00:00",
                                "DeleteOnTermination": true,
                                "Status": "attached",
                                "VolumeId": "vol-09f78882646608450"
                            }
                        },
                        {
                            "DeviceName": "xvdb",
                            "Ebs": {
                                "AttachTime": "2025-10-21T16:15:05.765000+00:00",
                                "DeleteOnTermination": false,
                                "Status": "attached",
                                "VolumeId": "vol-0fb20895271cf364a"
                            }
                        }
                    ],
                    "ClientToken": "6a1f61c2-cdae-4fc4-a33f-b47c4fd40388",
                    "EbsOptimized": true,
                    "EnaSupport": true,
                    "Hypervisor": "xen",
                    "IamInstanceProfile": {
                        "Arn": "arn:aws:iam::925774240130:instance-profile/bf-global-devonly-AmazonSSMManagedInstanceCore",
                        "Id": "AIPA5PDDR3GBIFXDGCUCR"
                    },
                    "NetworkInterfaces": [
                        {
                            "Attachment": {
                                "AttachTime": "2025-10-07T19:12:25+00:00",
                                "AttachmentId": "eni-attach-0a660d164e4d14b02",
                                "DeleteOnTermination": true,
                                "DeviceIndex": 0,
                                "Status": "attached",
                                "NetworkCardIndex": 0
                            },
                            "Description": "",
                            "Groups": [
                                {
                                    "GroupId": "sg-053b41f329207cd48",
                                    "GroupName": "launch-wizard-3"
                                }
                            ],
                            "Ipv6Addresses": [],
                            "MacAddress": "02:59:a5:14:62:b7",
                            "NetworkInterfaceId": "eni-0a7e212b506550555",
                            "OwnerId": "925774240130",
                            "PrivateDnsName": "ip-10-62-20-5.us-east-2.compute.internal",
                            "PrivateIpAddress": "10.62.20.5",
                            "PrivateIpAddresses": [
                                {
                                    "Primary": true,
                                    "PrivateDnsName": "ip-10-62-20-5.us-east-2.compute.internal",
                                    "PrivateIpAddress": "10.62.20.5"
                                }
                            ],
                            "SourceDestCheck": true,
                            "Status": "in-use",
                            "SubnetId": "subnet-0900c846fdabad701",
                            "VpcId": "vpc-030d39057ed8fa1b5",
                            "InterfaceType": "interface",
                            "Operator": {
                                "Managed": false
                            }
                        }
                    ],
                    "RootDeviceName": "/dev/sda1",
                    "RootDeviceType": "ebs",
                    "SecurityGroups": [
                        {
                            "GroupId": "sg-053b41f329207cd48",
                            "GroupName": "launch-wizard-3"
                        }
                    ],
                    "SourceDestCheck": true,
                    "Tags": [
                        {
                            "Key": "Name",
                            "Value": "ec2-ecs-cast-02"
                        }
                    ],
                    "VirtualizationType": "hvm",
                    "CpuOptions": {
                        "CoreCount": 4,
                        "ThreadsPerCore": 2
                    },
                    "CapacityReservationSpecification": {
                        "CapacityReservationPreference": "open"
                    },
                    "HibernationOptions": {
                        "Configured": false
                    },
                    "MetadataOptions": {
                        "State": "applied",
                        "HttpTokens": "required",
                        "HttpPutResponseHopLimit": 2,
                        "HttpEndpoint": "enabled",
                        "HttpProtocolIpv6": "disabled",
                        "InstanceMetadataTags": "disabled"
                    },
                    "EnclaveOptions": {
                        "Enabled": false
                    },
                    "PlatformDetails": "Windows",
                    "UsageOperation": "RunInstances:0002",
                    "UsageOperationUpdateTime": "2025-10-07T19:12:25+00:00",
                    "PrivateDnsNameOptions": {
                        "HostnameType": "ip-name",
                        "EnableResourceNameDnsARecord": false,
                        "EnableResourceNameDnsAAAARecord": false
                    },
                    "MaintenanceOptions": {
                        "AutoRecovery": "default",
                        "RebootMigration": "default"
                    },
                    "CurrentInstanceBootMode": "legacy-bios",
                    "NetworkPerformanceOptions": {
                        "BandwidthWeighting": "default"
                    },
                    "Operator": {
                        "Managed": false
                    },
                    "InstanceId": "i-00a3cb5faf95c6561",
                    "ImageId": "ami-0684b1bd72f4b0d55",
                    "State": {
                        "Code": 16,
                        "Name": "running"
                    },
                    "PrivateDnsName": "ip-10-62-20-5.us-east-2.compute.internal",
                    "PublicDnsName": "",
                    "StateTransitionReason": "",
                    "KeyName": "ec2-ecs-cast-02-kp",
                    "AmiLaunchIndex": 0,
                    "ProductCodes": [],
                    "InstanceType": "r5a.2xlarge",
                    "LaunchTime": "2025-10-21T13:37:02+00:00",
                    "Placement": {
                        "AvailabilityZoneId": "use2-az1",
                        "GroupName": "",
                        "Tenancy": "default",
                        "AvailabilityZone": "us-east-2a"
                    },
                    "Platform": "windows",
                    "Monitoring": {
                        "State": "disabled"
                    },
                    "SubnetId": "subnet-0900c846fdabad701",
                    "VpcId": "vpc-030d39057ed8fa1b5",
                    "PrivateIpAddress": "10.62.20.5"
                }
            ]
        }
    ]
}
